{"131": {"gnn": {"max": 0.8130089261077714, "mean": 0.006910352481815388, "std": 0.07085557237076275, "precision": 0.007633587786259542, "recall": 0.49975012493753124}}, "262": {"gnn": {"max": 0.8130089261077714, "mean": 0.0069521460842748035, "std": 0.07064878335644124, "precision": 0.007633587786259542, "recall": 0.9995002498750625}}}