{"131": {"gnn": {"max": 0.8130089261077714, "mean": 0.01499498633763763, "std": 0.09942761648913827, "precision": 0.015267175572519083, "recall": 0.9995002498750625}}}